PERMNO,date,RET
93436,20100629,C
93436,20100630,-0.002511
93436,20100701,-0.078473
93436,20100702,-0.125683
93436,20100706,-0.160938
93436,20100707,-0.019243
93436,20100708,0.105063
93436,20100709,-0.003436
93436,20100712,-0.020115
93436,20100713,0.063930
93436,20100714,0.093716
93436,20100715,0.002520
93436,20100716,0.037707
93436,20100719,0.061531
93436,20100720,-0.073482
93436,20100721,-0.003941
93436,20100722,0.038576
93436,20100723,0.013810
93436,20100726,-0.015970
93436,20100727,-0.019093
93436,20100728,0.008273
93436,20100729,-0.017857
93436,20100730,-0.020147
93436,20100802,0.049147
93436,20100803,0.049235
93436,20100804,-0.031435
93436,20100805,-0.038100
93436,20100806,-0.042054
93436,20100809,0.000510
93436,20100810,-0.029082
93436,20100811,-0.059380
93436,20100812,-0.016760
93436,20100813,0.040909
93436,20100816,0.025109
93436,20100817,0.019702
93436,20100818,-0.019843
93436,20100819,0.001066
93436,20100820,0.016498
93436,20100823,0.053927
93436,20100824,-0.046200
93436,20100825,0.036458
93436,20100826,-0.007538
93436,20100827,-0.002532
93436,20100830,0.008629
93436,20100831,-0.019628
93436,20100901,0.049795
93436,20100902,0.029829
93436,20100903,-0.000475
93436,20100907,-0.024228
93436,20100908,0.017527
93436,20100909,-0.009091
93436,20100910,-0.026074
93436,20100913,0.027268
93436,20100914,0.019305
93436,20100915,0.040720
93436,20100916,-0.047316
93436,20100917,-0.033906
93436,20100920,0.040781
93436,20100921,-0.013536
93436,20100922,-0.043332
93436,20100923,-0.015601
93436,20100924,0.027607
93436,20100927,0.021393
93436,20100928,0.042377
93436,20100929,0.027103
93436,20100930,-0.071656
93436,20101001,0.009556
93436,20101004,0.018932
93436,20101005,0.006193
93436,20101006,-0.031250
93436,20101007,-0.001466
93436,20101008,0.000000
93436,20101011,-0.009300
93436,20101012,0.000000
93436,20101013,0.014822
93436,20101014,0.010224
93436,20101015,-0.010120
93436,20101018,-0.015093
93436,20101019,-0.008898
93436,20101020,0.029925
93436,20101021,0.004843
93436,20101022,-0.001446
93436,20101025,0.006274
93436,20101026,0.024460
93436,20101027,-0.016854
93436,20101028,0.009048
93436,20101029,0.030675
93436,20101101,-0.019689
93436,20101102,-0.007473
93436,20101103,0.024471
93436,20101104,0.143776
93436,20101105,-0.018474
93436,20101108,0.022095
93436,20101109,-0.014011
93436,20101110,0.192042
93436,20101111,-0.045129
93436,20101112,0.064384
93436,20101115,0.032172
93436,20101116,-0.036688
93436,20101117,-0.006067
93436,20101118,0.013564
93436,20101119,0.036802
93436,20101122,0.077767
93436,20101123,0.035030
93436,20101124,0.026034
93436,20101126,-0.004229
93436,20101129,-0.028029
93436,20101130,0.029129
93436,20101201,-0.027739
93436,20101202,-0.058224
93436,20101203,-0.026584
93436,20101206,-0.037472
93436,20101207,0.041241
93436,20101208,0.025665
93436,20101209,-0.009886
93436,20101210,-0.016537
93436,20101213,-0.030774
93436,20101214,-0.066121
93436,20101215,0.037504
93436,20101216,0.040878
93436,20101217,0.017851
93436,20101220,0.010842
93436,20101221,0.017666
93436,20101222,0.011469
93436,20101223,-0.077843
93436,20101227,-0.150914
93436,20101228,0.033700
93436,20101229,0.049981
93436,20101230,-0.044356
93436,20101231,0.004906
93436,20110103,-0.000375
93436,20110104,0.001878
93436,20110105,0.005999
93436,20110106,0.039135
93436,20110107,0.012913
93436,20110110,0.007436
93436,20110111,-0.052373
93436,20110112,0.000000
93436,20110113,-0.027448
93436,20110114,-0.017925
93436,20110118,-0.004272
93436,20110119,-0.062792
93436,20110120,-0.058677
93436,20110121,0.018568
93436,20110124,0.062934
93436,20110125,0.007758
93436,20110126,0.002836
93436,20110127,0.006869
93436,20110128,-0.036517
93436,20110131,0.003748
93436,20110201,-0.007884
93436,20110202,0.001255
93436,20110203,-0.012949
93436,20110204,-0.007194
93436,20110207,-0.016624
93436,20110208,0.061552
93436,20110209,-0.052266
93436,20110210,0.000215
93436,20110211,0.001508
93436,20110214,-0.007312
93436,20110215,-0.010399
93436,20110216,0.082750
93436,20110217,-0.045693
93436,20110218,-0.017797
93436,20110222,-0.056514
93436,20110223,-0.001829
93436,20110224,0.032066
93436,20110225,0.047936
93436,20110228,0.011859
93436,20110301,0.002093
93436,20110302,0.003342
93436,20110303,0.014155
93436,20110304,0.024220
93436,20110307,-0.000401
93436,20110308,-0.011227
93436,20110309,0.002433
93436,20110310,-0.028722
93436,20110311,0.002499
93436,20110314,-0.034067
93436,20110315,-0.012903
93436,20110316,-0.005665
93436,20110317,-0.000438
93436,20110318,0.006576
93436,20110321,-0.010017
93436,20110322,-0.023757
93436,20110323,0.000901
93436,20110324,0.005403
93436,20110325,0.018809
93436,20110328,0.021978
93436,20110329,0.028817
93436,20110330,-0.008779
93436,20110331,0.170392
93436,20110401,-0.039279
93436,20110404,-0.031133
93436,20110405,0.033682
93436,20110406,-0.007865
93436,20110407,0.028313
93436,20110408,-0.027533
93436,20110411,-0.046055
93436,20110412,-0.024535
93436,20110413,0.011359
93436,20110414,0.008424
93436,20110415,0.017502
93436,20110418,-0.021501
93436,20110419,0.005194
93436,20110420,0.023450
93436,20110421,0.038447
93436,20110425,-0.013089
93436,20110426,0.020462
93436,20110427,0.005570
93436,20110428,0.021418
93436,20110429,-0.002169
93436,20110502,-0.005435
93436,20110503,-0.021129
93436,20110504,-0.006699
93436,20110505,-0.009367
93436,20110506,0.025719
93436,20110509,0.029130
93436,20110510,0.015048
93436,20110511,-0.044476
93436,20110512,0.022165
93436,20110513,-0.004337
93436,20110516,-0.034483
93436,20110517,-0.024060
93436,20110518,0.015023
93436,20110519,0.070209
93436,20110520,-0.008156
93436,20110523,-0.041115
93436,20110524,-0.003729
93436,20110525,0.084581
93436,20110526,0.017253
93436,20110527,0.002374
93436,20110531,0.019966
93436,20110601,-0.053849
93436,20110602,0.008521
93436,20110603,0.047636
93436,20110606,-0.047461
93436,20110607,-0.011498
93436,20110608,-0.044061
93436,20110609,0.018437
93436,20110610,0.008689
93436,20110613,0.020459
93436,20110614,0.005980
93436,20110615,-0.044755
93436,20110616,-0.030015
93436,20110617,0.000000
93436,20110620,-0.018491
93436,20110621,0.058439
93436,20110622,-0.011624
93436,20110623,0.018376
93436,20110624,-0.005233
93436,20110627,-0.003809
93436,20110628,0.023671
93436,20110629,0.006403
93436,20110630,0.029692
93436,20110701,-0.003776
93436,20110705,0.004135
93436,20110706,-0.006177
93436,20110707,0.026588
93436,20110708,-0.030945
93436,20110711,-0.015967
93436,20110712,-0.006349
93436,20110713,0.016684
93436,20110714,-0.035964
93436,20110715,-0.001087
93436,20110718,-0.012690
93436,20110719,0.024238
93436,20110720,0.028684
93436,20110721,0.000349
93436,20110722,0.020557
93436,20110725,-0.027313
93436,20110726,-0.017199
93436,20110727,-0.012857
93436,20110728,0.019175
93436,20110729,0.000000
93436,20110801,0.021299
93436,20110802,-0.049705
93436,20110803,-0.005121
93436,20110804,-0.090074
93436,20110805,-0.020606
93436,20110808,-0.024752
93436,20110809,0.060068
93436,20110810,-0.049481
93436,20110811,0.062133
93436,20110812,0.039921
93436,20110815,-0.003041
93436,20110816,-0.004956
93436,20110817,-0.010345
93436,20110818,-0.060782
93436,20110819,-0.080791
93436,20110822,-0.015695
93436,20110823,0.046014
93436,20110824,0.039634
93436,20110825,-0.031839
93436,20110826,0.026828
93436,20110829,0.041298
93436,20110830,-0.003238
93436,20110831,0.004466
93436,20110901,-0.029911
93436,20110902,-0.038750
93436,20110906,-0.005635
93436,20110907,0.039233
93436,20110908,-0.009648
93436,20110909,-0.027107
93436,20110912,-0.003918
93436,20110913,0.052448
93436,20110914,0.010797
93436,20110915,0.019721
93436,20110916,0.039484
93436,20110919,-0.001163
93436,20110920,0.009313
93436,20110921,-0.006151
93436,20110922,-0.008511
93436,20110923,0.029263
93436,20110926,-0.032600
93436,20110927,0.026254
93436,20110928,-0.061092
93436,20110929,-0.019113
93436,20110930,0.011194
93436,20111003,-0.027060
93436,20111004,-0.002950
93436,20111005,0.072274
93436,20111006,0.062672
93436,20111007,0.001113
93436,20111010,0.032975
93436,20111011,-0.009684
93436,20111012,0.006882
93436,20111013,0.005036
93436,20111014,0.003937
93436,20111017,-0.022460
93436,20111018,0.033552
93436,20111019,-0.027170
93436,20111020,-0.008342
93436,20111021,0.025238
93436,20111024,0.018552
93436,20111025,-0.010508
93436,20111026,-0.009558
93436,20111027,0.027877
93436,20111028,0.038595
93436,20111031,-0.016739
93436,20111101,-0.016684
93436,20111102,-0.005886
93436,20111103,0.130617
93436,20111104,-0.004621
93436,20111107,-0.032188
93436,20111108,0.018228
93436,20111109,-0.030151
93436,20111110,0.014573
93436,20111111,0.073731
93436,20111114,-0.012485
93436,20111115,0.021373
93436,20111116,0.029767
93436,20111117,-0.036062
93436,20111118,-0.032067
93436,20111121,-0.025767
93436,20111122,0.009761
93436,20111123,-0.019333
93436,20111125,0.006677
93436,20111128,0.028427
93436,20111129,-0.024877
93436,20111130,0.031181
93436,20111201,-0.004276
93436,20111202,0.021472
93436,20111205,0.033634
93436,20111206,0.013074
93436,20111207,-0.019501
93436,20111208,-0.096519
93436,20111209,0.004856
93436,20111212,-0.020296
93436,20111213,-0.031569
93436,20111214,-0.031239
93436,20111215,0.003155
93436,20111216,-0.021663
93436,20111219,-0.008929
93436,20111220,0.005405
93436,20111221,-0.011828
93436,20111222,0.007254
93436,20111223,0.004681
93436,20111227,0.024014
93436,20111228,-0.002100
93436,20111229,0.007717
93436,20111230,-0.005917
93436,20120103,-0.016807
93436,20120104,-0.013177
93436,20120105,-0.021292
93436,20120106,-0.007743
93436,20120109,0.012635
93436,20120110,0.013578
93436,20120111,0.022085
93436,20120112,0.000708
93436,20120113,-0.193274
93436,20120117,0.167179
93436,20120118,0.007895
93436,20120119,-0.001865
93436,20120120,-0.005979
93436,20120123,0.006391
93436,20120124,0.024281
93436,20120125,0.020058
93436,20120126,0.034680
93436,20120127,0.013476
93436,20120130,0.008183
93436,20120131,-0.016909
93436,20120201,0.017544
93436,20120202,0.022650
93436,20120203,0.029752
93436,20120206,0.020867
93436,20120207,-0.006289
93436,20120208,0.010443
93436,20120209,0.020357
93436,20120210,-0.045427
93436,20120213,0.012540
93436,20120214,0.053350
93436,20120215,0.012964
93436,20120216,0.017262
93436,20120217,0.023113
93436,20120221,-0.013440
93436,20120222,-0.008116
93436,20120223,0.009059
93436,20120224,-0.022589
93436,20120227,-0.003852
93436,20120228,0.005651
93436,20120229,-0.011831
93436,20120301,0.029931
93436,20120302,-0.010753
93436,20120305,-0.007932
93436,20120306,-0.019544
93436,20120307,0.000302
93436,20120308,-0.001510
93436,20120309,0.050499
93436,20120312,0.036557
93436,20120313,0.002222
93436,20120314,-0.022167
93436,20120315,-0.008218
93436,20120316,0.009143
93436,20120319,-0.009626
93436,20120320,-0.000572
93436,20120321,0.005435
93436,20120322,-0.021337
93436,20120323,-0.009302
93436,20120326,0.097418
93436,20120327,0.014438
93436,20120328,-0.002372
93436,20120329,-0.013738
93436,20120330,-0.002411
93436,20120402,-0.017723
93436,20120403,0.039092
93436,20120404,-0.079190
93436,20120405,-0.014857
93436,20120409,-0.038573
93436,20120410,-0.020815
93436,20120411,0.019409
93436,20120412,0.010577
93436,20120413,0.004486
93436,20120416,-0.039893
93436,20120417,-0.000310
93436,20120418,0.013027
93436,20120419,0.015309
93436,20120420,0.000000
93436,20120423,-0.036791
93436,20120424,-0.003757
93436,20120425,0.034255
93436,20120426,0.017624
93436,20120427,-0.004479
93436,20120430,-0.006299
93436,20120501,0.019620
93436,20120502,0.004737
93436,20120503,-0.043606
93436,20120504,-0.019408
93436,20120507,0.020107
93436,20120508,-0.070219
93436,20120509,-0.004306
93436,20120510,0.096474
93436,20120511,-0.021541
93436,20120514,-0.067907
93436,20120515,-0.020958
93436,20120516,-0.008495
93436,20120517,-0.020905
93436,20120518,-0.035352
93436,20120521,0.043904
93436,20120522,0.070212
93436,20120523,0.007470
93436,20120524,-0.022566
93436,20120525,-0.016821
93436,20120529,0.063066
93436,20120530,-0.040391
93436,20120531,-0.029924
93436,20120601,-0.045763
93436,20120604,-0.009591
93436,20120605,0.001076
93436,20120606,0.046937
93436,20120607,-0.009925
93436,20120608,0.039751
93436,20120611,-0.031915
93436,20120612,0.018544
93436,20120613,0.003709
93436,20120614,-0.012765
93436,20120615,0.017693
93436,20120618,0.064527
93436,20120619,0.007852
93436,20120620,0.052664
93436,20120621,-0.047069
93436,20120622,0.049550
93436,20120625,-0.019979
93436,20120626,-0.045304
93436,20120627,0.011072
93436,20120628,-0.017209
93436,20120629,-0.003820
93436,20120702,-0.028444
93436,20120703,0.008553
93436,20120705,0.018591
93436,20120706,-0.007685
93436,20120709,0.016134
93436,20120710,-0.006986
93436,20120711,0.007675
93436,20120712,0.037766
93436,20120713,0.047401
93436,20120716,0.049927
93436,20120717,-0.072581
93436,20120718,-0.035982
93436,20120719,0.003732
93436,20120720,-0.014874
93436,20120723,-0.035546
93436,20120724,-0.026745
93436,20120725,-0.029826
93436,20120726,-0.028325
93436,20120727,0.049058
93436,20120730,-0.073196
93436,20120731,0.002559
93436,20120801,-0.042670
93436,20120802,-0.005714
93436,20120803,0.044828
93436,20120806,0.036670
93436,20120807,0.070039
93436,20120808,-0.038347
93436,20120809,0.011000
93436,20120810,0.018021
93436,20120813,0.041082
93436,20120814,-0.056144
93436,20120815,-0.000680
93436,20120816,0.030612
93436,20120817,-0.009571
93436,20120820,-0.016661
93436,20120821,-0.013555
93436,20120822,0.028856
93436,20120823,0.026043
93436,20120824,-0.040026
93436,20120827,-0.040000
93436,20120828,0.013065
93436,20120829,-0.009760
93436,20120830,0.000000
93436,20120831,0.003872
93436,20120904,-0.013324
93436,20120905,-0.007107
93436,20120906,0.021832
93436,20120907,0.028021
93436,20120910,-0.067462
93436,20120911,0.015711
93436,20120912,0.017266
93436,20120913,0.042433
93436,20120914,0.030868
93436,20120917,0.070747
93436,20120918,-0.036878
93436,20120919,-0.009253
93436,20120920,-0.004831
93436,20120921,-0.028479
93436,20120924,0.021319
93436,20120925,-0.097847
93436,20120926,-0.004338
93436,20120927,0.034495
93436,20120928,0.027729
93436,20121001,-0.004098
93436,20121002,0.021948
93436,20121003,-0.016779
93436,20121004,0.003413
93436,20121005,-0.017347
93436,20121008,0.012461
93436,20121009,-0.030085
93436,20121010,0.001057
93436,20121011,-0.002817
93436,20121012,-0.024011
93436,20121015,-0.011216
93436,20121016,0.026711
93436,20121017,0.027053
93436,20121018,-0.027034
93436,20121019,-0.010699
93436,20121022,0.003965
93436,20121023,0.019390
93436,20121024,-0.034167
93436,20121025,0.003647
93436,20121026,-0.005087
93436,20121031,0.027443
93436,20121101,0.039600
93436,20121102,-0.011188
93436,20121105,0.089279
93436,20121106,-0.011111
93436,20121107,0.012520
93436,20121108,-0.007292
93436,20121109,-0.031619
93436,20121112,0.024736
93436,20121113,0.017519
93436,20121114,-0.007411
93436,20121115,-0.017846
93436,20121116,0.033092
93436,20121119,0.033923
93436,20121120,0.002430
93436,20121121,-0.016061
93436,20121123,-0.010471
93436,20121126,0.004357
93436,20121127,-0.003719
93436,20121128,0.033592
93436,20121129,0.013843
93436,20121130,0.003859
93436,20121203,0.023655
93436,20121204,-0.020797
93436,20121205,-0.005605
93436,20121206,0.005636
93436,20121207,0.007965
93436,20121210,0.011706
93436,20121211,0.020538
93436,20121212,-0.000567
93436,20121213,-0.046795
93436,20121214,0.005951
93436,20121217,0.017450
93436,20121218,0.005523
93436,20121219,0.000578
93436,20121220,-0.005201
93436,20121221,-0.012489
93436,20121224,0.008235
93436,20121226,-0.020128
93436,20121227,0.002977
93436,20121228,-0.013951
93436,20121231,0.019566
93436,20130102,0.043992
93436,20130103,-0.016686
93436,20130104,-0.010641
93436,20130107,-0.001744
93436,20130108,-0.019220
93436,20130109,-0.001188
93436,20130110,-0.003270
93436,20130111,-0.018491
93436,20130114,0.010635
93436,20130115,0.019242
93436,20130116,0.005900
93436,20130117,0.008211
93436,20130118,0.004072
93436,20130122,0.019409
93436,20130123,0.023018
93436,20130124,0.027500
93436,20130125,-0.000270
93436,20130128,0.028394
93436,20130129,-0.002104
93436,20130130,-0.011331
93436,20130131,-0.000267
93436,20130201,0.021061
93436,20130204,-0.014621
93436,20130205,0.010334
93436,20130206,0.027275
93436,20130207,0.007914
93436,20130208,-0.006079
93436,20130211,-0.020897
93436,20130212,-0.013795
93436,20130213,0.014780
93436,20130214,-0.003901
93436,20130215,-0.032898
93436,20130219,0.060475
93436,20130220,-0.018839
93436,20130221,-0.087701
93436,20130222,0.027019
93436,20130225,-0.047909
93436,20130226,0.001454
93436,20130227,0.019460
93436,20130228,-0.007692
93436,20130301,-0.005168
93436,20130304,0.026840
93436,20130305,0.030073
93436,20130306,0.028376
93436,20130307,0.014327
93436,20130308,0.006278
93436,20130311,0.016376
93436,20130312,0.000512
93436,20130313,-0.003579
93436,20130314,-0.054643
93436,20130315,-0.042334
93436,20130318,-0.003967
93436,20130319,-0.001991
93436,20130320,0.024800
93436,20130321,0.001669
93436,20130322,0.016940
93436,20130325,0.024850
93436,20130326,0.008793
93436,20130327,0.007924
93436,20130328,-0.007075
93436,20130401,0.159409
93436,20130402,0.009333
93436,20130403,-0.073072
93436,20130404,0.022141
93436,20130405,-0.015234
93436,20130408,0.011119
93436,20130409,-0.031795
93436,20130410,0.033580
93436,20130411,0.041328
93436,20130412,0.003671
93436,20130415,-0.010286
93436,20130416,0.052887
93436,20130417,-0.003071
93436,20130418,0.033443
93436,20130419,0.018310
93436,20130422,0.049341
93436,20130423,0.016338
93436,20130424,-0.011370
93436,20130425,0.031132
93436,20130426,-0.015385
93436,20130429,0.073047
93436,20130430,-0.017292
93436,20130501,-0.013151
93436,20130502,0.015578
93436,20130503,0.008132
93436,20130506,0.090742
93436,20130507,-0.067059
93436,20130508,0.004981
93436,20130509,0.244029
93436,20130510,0.106109
93436,20130513,0.143765
93436,20130514,-0.051936
93436,20130515,0.019246
93436,20130516,0.087292
93436,20130517,-0.008109
93436,20130520,-0.017049
93436,20130521,-0.026129
93436,20130522,-0.003996
93436,20130523,0.062930
93436,20130524,0.046910
93436,20130528,0.136527
93436,20130529,-0.051707
93436,20130530,0.003068
93436,20130531,-0.068509
93436,20130603,-0.052885
93436,20130604,0.024301
93436,20130605,0.005588
93436,20130606,0.020761
93436,20130607,0.048177
93436,20130610,-0.019502
93436,20130611,-0.055772
93436,20130612,0.034508
93436,20130613,0.004604
93436,20130614,0.021593
93436,20130617,0.018943
93436,20130618,0.011644
93436,20130619,0.012477
93436,20130620,-0.038498
93436,20130621,-0.010929
93436,20130624,0.019488
93436,20130625,0.008966
93436,20130626,0.032422
93436,20130627,0.033390
93436,20130628,-0.017300
93436,20130701,0.091459
93436,20130702,0.005470
93436,20130703,-0.021898
93436,20130705,0.042086
93436,20130708,0.012657
93436,20130709,0.015130
93436,20130710,-0.009559
93436,20130711,0.027317
93436,20130712,0.034153
93436,20130715,-0.020323
93436,20130716,-0.143093
93436,20130717,0.102705
93436,20130718,-0.010146
93436,20130719,0.005461
93436,20130722,0.022978
93436,20130723,0.002532
93436,20130724,-0.008473
93436,20130725,0.019474
93436,20130726,0.042879
93436,20130729,0.040420
93436,20130730,-0.021393
93436,20130731,0.019280
93436,20130801,0.009458
93436,20130802,0.018074
93436,20130805,0.048406
93436,20130806,-0.017487
93436,20130807,-0.055716
93436,20130808,0.143411
93436,20130809,-0.003127
93436,20130812,-0.036732
93436,20130813,-0.013231
93436,20130814,-0.041738
93436,20130815,0.002224
93436,20130816,0.016682
93436,20130819,0.020422
93436,20130820,0.032298
93436,20130821,-0.011499
93436,20130822,0.062492
93436,20130823,0.030165
93436,20130826,0.014712
93436,20130827,0.016989
93436,20130828,-0.003353
93436,20130829,-0.002343
93436,20130830,0.017704
93436,20130903,-0.000355
93436,20130904,0.009956
93436,20130905,-0.004056
93436,20130906,-0.017419
93436,20130909,-0.037552
93436,20130910,0.035283
93436,20130911,-0.017130
93436,20130912,0.008623
93436,20130913,0.003699
93436,20130916,0.006283
93436,20130917,-0.002101
93436,20130918,-0.000072
93436,20130919,0.070401
93436,20130920,0.030744
93436,20130923,-0.012433
93436,20130924,0.006736
93436,20130925,0.015949
93436,20130926,0.018366
93436,20130927,0.011980
93436,20130930,0.012939
93436,20131001,-0.001913
93436,20131002,-0.062435
93436,20131003,-0.042222
93436,20131004,0.044256
93436,20131007,0.011548
93436,20131008,-0.045556
93436,20131009,-0.034053
93436,20131010,0.024588
93436,20131011,0.033366
93436,20131014,0.005708
93436,20131015,0.023481
93436,20131016,-0.002066
93436,20131017,-0.004129
93436,20131018,0.003271
93436,20131021,-0.058888
93436,20131022,-0.006141
93436,20131023,-0.041040
93436,20131024,0.052584
93436,20131025,-0.020156
93436,20131028,-0.040080
93436,20131029,0.009886
93436,20131030,-0.031921
93436,20131031,0.004522
93436,20131101,0.013943
93436,20131104,0.080348
93436,20131105,0.009190
93436,20131106,-0.145071
93436,20131107,-0.075337
93436,20131108,-0.013036
93436,20131111,0.048916
93436,20131112,-0.047672
93436,20131113,0.006531
93436,20131114,-0.007931
93436,20131115,-0.015625
93436,20131118,-0.102399
93436,20131119,0.037095
93436,20131120,-0.039496
93436,20131121,0.008174
93436,20131122,-0.005897
93436,20131125,-0.004449
93436,20131126,-0.002814
93436,20131127,0.053444
93436,20131129,0.002678
93436,20131202,-0.024434
93436,20131203,0.165338
93436,20131204,-0.039737
93436,20131205,0.011011
93436,20131206,-0.022210
93436,20131209,0.030868
93436,20131210,0.004167
93436,20131211,-0.017863
93436,20131212,0.055997
93436,20131213,0.001248
93436,20131216,0.001937
93436,20131217,0.030553
93436,20131218,-0.029385
93436,20131219,-0.049061
93436,20131220,0.017908
93436,20131223,0.002164
93436,20131224,0.054754
93436,20131226,0.027013
93436,20131227,-0.028167
93436,20131230,0.008735
93436,20131231,-0.013192
93436,20140102,-0.002187
93436,20140103,-0.003598
93436,20140106,-0.017117
93436,20140107,0.016054
93436,20140108,0.012855
93436,20140109,-0.024788
93436,20140110,-0.012269
93436,20140113,-0.043782
93436,20140114,0.157385
93436,20140115,0.017734
93436,20140116,0.041674
93436,20140117,-0.005615
93436,20140121,0.039233
93436,20140122,0.010641
93436,20140123,0.016465
93436,20140124,-0.038016
93436,20140127,-0.028522
93436,20140128,0.051645
93436,20140129,-0.017659
93436,20140130,0.043429
93436,20140131,-0.007821
93436,20140203,-0.023703
93436,20140204,0.009147
93436,20140205,-0.024115
93436,20140206,0.022704
93436,20140207,0.045689
93436,20140210,0.053772
93436,20140211,0.000305
93436,20140212,-0.006612
93436,20140213,0.022066
93436,20140214,-0.007013
93436,20140218,0.027594
93436,20140219,-0.049386
93436,20140220,0.084332
93436,20140221,-0.001762
93436,20140224,0.038406
93436,20140225,0.139444
93436,20140226,0.020161
93436,20140227,-0.001818
93436,20140228,-0.030609
93436,20140303,0.023488
93436,20140304,0.017082
93436,20140305,-0.008554
93436,20140306,0.001108
93436,20140307,-0.026607
93436,20140310,-0.029934
93436,20140311,-0.018548
93436,20140312,0.030203
93436,20140313,-0.015322
93436,20140314,-0.028681
93436,20140317,0.013032
93436,20140318,0.025900
93436,20140319,-0.017497
93436,20140320,-0.003943
93436,20140321,-0.025627
93436,20140324,-0.038097
93436,20140325,0.001226
93436,20140326,-0.033932
93436,20140327,-0.026484
93436,20140328,0.024358
93436,20140331,-0.018458
93436,20140401,0.040873
93436,20140402,0.061391
93436,20140403,-0.021234
93436,20140404,-0.058452
93436,20140407,-0.022170
93436,20140408,0.038261
93436,20140409,0.006823
93436,20140410,-0.058729
93436,20140411,-0.002008
93436,20140414,-0.027922
93436,20140415,-0.021101
93436,20140416,0.026817
93436,20140417,-0.004972
93436,20140421,0.031597
93436,20140422,0.069772
93436,20140423,-0.048710
93436,20140424,-0.000625
93436,20140425,-0.038536
93436,20140428,-0.006705
93436,20140429,0.042366
93436,20140430,0.004688
93436,20140501,-0.000770
93436,20140502,0.015308
93436,20140505,0.027026
93436,20140506,-0.043073
93436,20140507,-0.028609
93436,20140508,-0.113037
93436,20140509,0.020550
93436,20140512,0.013223
93436,20140513,0.029729
93436,20140514,0.002419
93436,20140515,-0.010649
93436,20140516,0.015748
93436,20140519,0.023648
93436,20140520,-0.004029
93436,20140521,0.021249
93436,20140522,0.027225
93436,20140523,0.011812
93436,20140527,0.020550
93436,20140528,-0.006239
93436,20140529,0.000000
93436,20140530,-0.011748
93436,20140602,-0.014776
93436,20140603,0.001172
93436,20140604,-0.004635
93436,20140605,0.014265
93436,20140606,0.006143
93436,20140609,-0.013744
93436,20140610,-0.014661
93436,20140611,0.010727
93436,20140612,-0.004646
93436,20140613,0.014249
93436,20140616,0.088121
93436,20140617,0.031432
93436,20140618,-0.019640
93436,20140619,0.002950
93436,20140620,0.007902
93436,20140623,0.033233
93436,20140624,-0.019897
93436,20140625,0.018886
93436,20140626,-0.005450
93436,20140627,0.014686
93436,20140630,0.004183
93436,20140701,-0.001416
93436,20140702,-0.042946
93436,20140703,-0.000763
93436,20140707,-0.028746
93436,20140708,-0.016123
93436,20140709,0.018213
93436,20140710,-0.016139
93436,20140711,-0.006060
93436,20140714,0.039288
93436,20140715,-0.031407
93436,20140716,-0.011021
93436,20140717,-0.008105
93436,20140718,0.021449
93436,20140721,0.002363
93436,20140722,-0.004353
93436,20140723,0.013253
93436,20140724,0.004719
93436,20140725,0.000134
93436,20140728,0.005591
93436,20140729,0.000845
93436,20140730,0.017377
93436,20140731,-0.024550
93436,20140801,0.044648
93436,20140804,0.022506
93436,20140805,-0.000126
93436,20140806,0.043776
93436,20140807,0.013899
93436,20140808,-0.016879
93436,20140811,0.045097
93436,20140812,0.002468
93436,20140813,0.001346
93436,20140814,0.004111
93436,20140815,0.002410
93436,20140818,-0.007900
93436,20140819,-0.012234
93436,20140820,-0.004089
93436,20140821,-0.005358
93436,20140822,0.009593
93436,20140825,0.022471
93436,20140826,-0.003085
93436,20140827,0.005769
93436,20140828,0.002317
93436,20140829,0.022133
93436,20140902,0.053467
93436,20140903,-0.010313
93436,20140904,0.017248
93436,20140905,-0.030241
93436,20140908,0.017016
93436,20140909,-0.012867
93436,20140910,0.009408
93436,20140911,-0.002810
93436,20140912,-0.003960
93436,20140915,-0.090759
93436,20140916,0.027102
93436,20140917,0.002455
93436,20140918,0.009335
93436,20140919,-0.017057
93436,20140922,-0.035824
93436,20140923,0.001520
93436,20140924,0.006909
93436,20140925,-0.020584
93436,20140926,-0.001417
93436,20140929,-0.005434
93436,20140930,-0.010519
93436,20141001,-0.010054
93436,20141002,0.046537
93436,20141003,0.015074
93436,20141006,0.021198
93436,20141007,-0.004029
93436,20141008,-0.001117
93436,20141009,-0.008755
93436,20141010,-0.078207
93436,20141013,-0.052003
93436,20141014,0.010998
93436,20141015,0.011627
93436,20141016,-0.014584
93436,20141017,0.004992
93436,20141020,0.013144
93436,20141021,0.021131
93436,20141022,-0.018016
93436,20141023,0.018131
93436,20141024,-0.000212
93436,20141027,-0.057686
93436,20141028,0.095187
93436,20141029,-0.019236
93436,20141030,0.002352
93436,20141031,0.012738
93436,20141103,0.003682
93436,20141104,-0.015087
93436,20141105,-0.033315
93436,20141106,0.044378
93436,20141107,-0.004229
93436,20141110,0.007202
93436,20141111,0.037821
93436,20141112,-0.007886
93436,20141113,0.010438
93436,20141114,0.027731
93436,20141117,-0.018169
93436,20141118,0.014647
93436,20141119,-0.038650
93436,20141120,0.003915
93436,20141121,-0.023843
93436,20141124,0.016229
93436,20141125,0.005553
93436,20141126,0.001411
93436,20141128,-0.015778
93436,20141201,-0.052675
93436,20141202,-0.000907
93436,20141203,-0.009204
93436,20141204,-0.004448
93436,20141205,-0.020019
93436,20141208,-0.041795
93436,20141209,0.011803
93436,20141210,-0.032505
93436,20141211,-0.004575
93436,20141212,-0.009000
93436,20141215,-0.014300
93436,20141216,-0.030533
93436,20141217,0.040493
93436,20141218,0.060441
93436,20141219,0.004719
93436,20141222,0.015094
93436,20141223,-0.007323
93436,20141224,0.005838
93436,20141226,0.025016
93436,20141229,-0.009262
93436,20141230,-0.015418
93436,20141231,0.000810
93436,20150102,-0.013938
93436,20150105,-0.042041
93436,20150106,0.005664
93436,20150107,-0.001562
93436,20150108,-0.001588
93436,20150109,-0.018778
93436,20150112,-0.021533
93436,20150113,0.010088
93436,20150114,-0.056597
93436,20150115,-0.004256
93436,20150116,0.006254
93436,20150120,-0.005905
93436,20150121,0.024176
93436,20150122,0.025691
93436,20150123,-0.001637
93436,20150126,0.026132
93436,20150127,-0.002760
93436,20150128,-0.032090
93436,20150129,0.029242
93436,20150130,-0.007797
93436,20150202,0.036051
93436,20150203,0.035176
93436,20150204,0.000870
93436,20150205,0.011165
93436,20150206,-0.016426
93436,20150209,0.000552
93436,20150210,-0.005472
93436,20150211,-0.016136
93436,20150212,-0.046617
93436,20150213,0.004387
93436,20150217,0.002846
93436,20150218,0.000538
93436,20150219,0.035435
93436,20150220,0.025531
93436,20150223,-0.045023
93436,20150224,-0.015555
93436,20150225,-0.001715
93436,20150226,0.016834
93436,20150227,-0.018582
93436,20150302,-0.029581
93436,20150303,0.011326
93436,20150304,0.014407
93436,20150305,-0.008916
93436,20150306,-0.033644
93436,20150309,-0.015473
93436,20150310,-0.002934
93436,20150311,0.017970
93436,20150312,-0.013781
93436,20150313,-0.012509
93436,20150316,0.037206
93436,20150317,-0.004957
93436,20150318,0.030709
93436,20150319,-0.025211
93436,20150320,0.012420
93436,20150323,0.007825
93436,20150324,0.010469
93436,20150325,-0.036784
93436,20150326,-0.020046
93436,20150327,-0.028387
93436,20150330,0.030108
93436,20150331,-0.009445
93436,20150401,-0.006251
93436,20150402,0.018178
93436,20150406,0.063351
93436,20150407,0.000739
93436,20150408,0.021747
93436,20150409,0.011653
93436,20150410,0.003855
93436,20150413,-0.005311
93436,20150414,-0.011059
93436,20150415,0.001783
93436,20150416,-0.005437
93436,20150417,0.000435
93436,20150420,-0.007350
93436,20150421,0.020169
93436,20150422,0.047896
93436,20150423,-0.003828
93436,20150424,-0.000801
93436,20150427,0.060089
93436,20150428,-0.004621
93436,20150429,0.008547
93436,20150430,-0.027533
93436,20150501,-0.000088
93436,20150504,0.019820
93436,20150505,0.010585
93436,20150506,-0.010818
93436,20150507,0.027644
93436,20150508,-0.000802
93436,20150511,0.012172
93436,20150512,0.021922
93436,20150513,-0.006374
93436,20150514,0.003783
93436,20150515,0.019418
93436,20150518,-0.000362
93436,20150519,-0.006472
93436,20150520,-0.011289
93436,20150521,0.005197
93436,20150522,0.008591
93436,20150526,-0.001110
93436,20150527,-0.000101
93436,20150528,0.016247
93436,20150529,-0.002585
93436,20150601,-0.005383
93436,20150602,-0.004410
93436,20150603,0.002577
93436,20150604,-0.012330
93436,20150605,0.013094
93436,20150608,0.028699
93436,20150609,-0.001132
93436,20150610,-0.020703
93436,20150611,0.002832
93436,20150612,-0.002864
93436,20150615,-0.001237
93436,20150616,0.010943
93436,20150617,0.028801
93436,20150618,0.005683
93436,20150619,0.002367
93436,20150622,-0.010362
93436,20150623,0.030332
93436,20150624,-0.009340
93436,20150625,0.013652
93436,20150626,-0.006325
93436,20150629,-0.018982
93436,20150630,0.023815
93436,20150701,0.003318
93436,20150702,0.040386
93436,20150706,-0.001071
93436,20150707,-0.042328
93436,20150708,-0.048231
93436,20150709,0.011610
93436,20150710,0.004769
93436,20150713,0.011615
93436,20150714,0.013312
93436,20150715,-0.009448
93436,20150716,0.013453
93436,20150717,0.029924
93436,20150720,0.027671
93436,20150721,-0.054879
93436,20150722,0.004123
93436,20150723,-0.002501
93436,20150724,-0.006699
93436,20150727,-0.046720
93436,20150728,0.046678
93436,20150729,-0.003776
93436,20150730,0.011258
93436,20150731,-0.002399
93436,20150803,-0.023145
93436,20150804,0.024193
93436,20150805,0.014458
93436,20150806,-0.088846
93436,20150807,-0.014708
93436,20150810,-0.005649
93436,20150811,-0.015634
93436,20150812,0.003370
93436,20150813,0.018222
93436,20150814,0.002639
93436,20150817,0.048694
93436,20150818,0.022471
93436,20150819,-0.020980
93436,20150820,-0.051205
93436,20150821,-0.047114
93436,20150824,-0.051567
93436,20150825,0.005300
93436,20150826,0.021861
93436,20150827,0.080724
93436,20150828,0.022593
93436,20150831,0.002334
93436,20150901,-0.041877
93436,20150902,0.037967
93436,20150903,-0.008559
93436,20150904,-0.014823
93436,20150908,0.025793
93436,20150909,0.002982
93436,20150910,-0.001728
93436,20150911,0.007083
93436,20150914,0.011789
93436,20150915,0.001501
93436,20150916,0.034231
93436,20150917,-0.000686
93436,20150918,-0.005533
93436,20150921,0.013737
93436,20150922,-0.012339
93436,20150923,0.000460
93436,20150924,0.007891
93436,20150925,-0.023601
93436,20150928,-0.033008
93436,20150929,-0.007165
93436,20150930,0.007095
93436,20151001,-0.034299
93436,20151002,0.032058
93436,20151005,-0.005736
93436,20151006,-0.019053
93436,20151007,-0.039344
93436,20151008,-0.022590
93436,20151009,-0.026597
93436,20151012,-0.023155
93436,20151013,0.017024
93436,20151014,-0.010810
93436,20151015,0.020426
93436,20151016,0.025756
93436,20151019,0.004802
93436,20151020,-0.066068
93436,20151021,-0.013801
93436,20151022,0.007759
93436,20151023,-0.012422
93436,20151026,0.029509
93436,20151027,-0.022810
93436,20151028,0.012408
93436,20151029,-0.006245
93436,20151030,-0.022209
93436,20151102,0.033151
93436,20151103,-0.025445
93436,20151104,0.111735
93436,20151105,0.000604
93436,20151106,0.002546
93436,20151109,-0.030255
93436,20151110,-0.039187
93436,20151111,0.011917
93436,20151112,-0.028026
93436,20151113,-0.027003
93436,20151116,0.034365
93436,20151117,-0.001446
93436,20151118,0.033037
93436,20151119,0.003302
93436,20151120,-0.008070
93436,20151123,-0.010272
93436,20151124,0.002296
93436,20151125,0.052188
93436,20151127,0.008579
93436,20151130,-0.005829
93436,20151201,0.030096
93436,20151202,-0.021923
93436,20151203,0.003104
93436,20151204,-0.010012
93436,20151207,0.003255
93436,20151208,-0.019080
93436,20151209,-0.009704
93436,20151210,0.011358
93436,20151211,-0.044259
93436,20151214,0.007188
93436,20151215,0.011483
93436,20151216,0.060699
93436,20151217,-0.004776
93436,20151218,-0.012554
93436,20151221,0.009112
93436,20151222,-0.011223
93436,20151223,-0.001087
93436,20151224,0.003788
93436,20151228,-0.007026
93436,20151229,0.035990
93436,20151230,0.003794
93436,20151231,0.008064
93436,20160104,-0.069164
93436,20160105,0.000089
93436,20160106,-0.019648
93436,20160107,-0.015477
93436,20160108,-0.021563
93436,20160111,-0.014929
93436,20160112,0.010200
93436,20160113,-0.046007
93436,20160114,0.029305
93436,20160115,-0.005772
93436,20160119,-0.001317
93436,20160120,-0.029406
93436,20160121,0.006392
93436,20160122,0.012902
93436,20160125,-0.030462
93436,20160126,-0.014360
93436,20160127,-0.028363
93436,20160128,0.008667
93436,20160129,0.007907
93436,20160201,0.030021
93436,20160202,-0.071900
93436,20160203,-0.050881
93436,20160204,0.010664
93436,20160205,-0.072606
93436,20160208,-0.089852
93436,20160209,0.001757
93436,20160210,-0.030894
93436,20160211,0.047331
93436,20160212,0.003788
93436,20160216,0.027344
93436,20160217,0.087066
93436,20160218,-0.011323
93436,20160219,-0.001139
93436,20160222,0.066995
93436,20160223,-0.002982
93436,20160224,0.010101
93436,20160225,0.047095
93436,20160226,0.015526
93436,20160229,0.008353
93436,20160301,-0.029073
93436,20160302,0.010679
93436,20160303,0.039291
93436,20160304,0.027077
93436,20160307,0.021140
93436,20160308,-0.013103
93436,20160309,0.030207
93436,20160310,-0.016961
93436,20160311,0.011307
93436,20160314,0.036867
93436,20160315,0.014827
93436,20160316,0.016442
93436,20160317,0.020051
93436,20160318,0.028094
93436,20160321,0.023975
93436,20160322,-0.017120
93436,20160323,-0.049778
93436,20160324,0.023228
93436,20160328,0.011021
93436,20160329,-0.000565
93436,20160330,-0.014079
93436,20160331,0.012693
93436,20160401,0.034034
93436,20160404,0.039564
93436,20160405,0.034333
93436,20160406,0.038948
93436,20160407,-0.030970
93436,20160408,-0.027722
93436,20160411,-0.000600
93436,20160412,-0.008403
93436,20160413,0.027076
93436,20160414,-0.010490
93436,20160415,0.010522
93436,20160418,-0.002475
93436,20160419,-0.025642
93436,20160420,0.010511
93436,20160421,-0.006721
93436,20160422,0.021990
93436,20160425,-0.007606
93436,20160426,0.007624
93436,20160427,-0.008946
93436,20160428,-0.014952
93436,20160429,-0.028057
93436,20160502,0.004320
93436,20160503,-0.039206
93436,20160504,-0.042011
93436,20160505,-0.049560
93436,20160506,0.016073
93436,20160509,-0.027963
93436,20160510,-0.001101
93436,20160511,0.001294
93436,20160512,-0.008040
93436,20160513,0.001592
93436,20160516,0.003275
93436,20160517,-0.017428
93436,20160518,0.031809
93436,20160519,0.019132
93436,20160520,0.023558
93436,20160523,-0.018431
93436,20160524,0.007816
93436,20160525,0.007664
93436,20160526,0.025230
93436,20160527,-0.009240
93436,20160531,0.000852
93436,20160601,-0.016440
93436,20160602,-0.002733
93436,20160603,0.000137
93436,20160606,0.007717
93436,20160607,0.052837
93436,20160608,0.013687
93436,20160609,-0.026155
93436,20160610,-0.046085
93436,20160613,-0.004205
93436,20160614,-0.013357
93436,20160615,0.012747
93436,20160616,0.001056
93436,20160617,-0.011288
93436,20160620,0.019631
93436,20160621,-0.000410
93436,20160622,-0.104503
93436,20160623,-0.001322
93436,20160624,-0.016548
93436,20160627,0.027958
93436,20160628,0.016318
93436,20160629,0.041627
93436,20160630,0.009943
93436,20160701,0.019879
93436,20160705,-0.011640
93436,20160706,0.002150
93436,20160707,0.006995
93436,20160708,0.003890
93436,20160711,0.036904
93436,20160712,-0.000578
93436,20160713,-0.009437
93436,20160714,-0.004494
93436,20160715,-0.005101
93436,20160718,0.026543
93436,20160719,-0.004376
93436,20160720,0.013762
93436,20160721,-0.034419
93436,20160722,0.008027
93436,20160725,0.034822
93436,20160726,-0.002174
93436,20160727,-0.004444
93436,20160728,0.009278
93436,20160729,0.018126
93436,20160801,-0.020359
93436,20160802,-0.012217
93436,20160803,-0.006206
93436,20160804,0.021347
93436,20160805,-0.002515
93436,20160808,-0.016824
93436,20160809,0.012911
93436,20160810,-0.014973
93436,20160811,-0.003279
93436,20160812,0.003112
93436,20160815,-0.000089
93436,20160816,-0.008777
93436,20160817,-0.001655
93436,20160818,0.001209
93436,20160819,0.006666
93436,20160822,-0.009200
93436,20160823,0.008568
93436,20160824,-0.009874
93436,20160825,-0.007457
93436,20160826,-0.004390
93436,20160829,-0.021774
93436,20160830,-0.017937
93436,20160831,0.003170
93436,20160901,-0.053016
93436,20160902,-0.014893
93436,20160906,0.025533
93436,20160907,-0.005522
93436,20160908,-0.021566
93436,20160909,-0.014643
93436,20160912,0.019695
93436,20160913,-0.011346
93436,20160914,0.001836
93436,20160915,0.020416
93436,20160916,0.024848
93436,20160919,0.004576
93436,20160920,-0.008239
93436,20160921,0.002834
93436,20160922,0.005896
93436,20160923,0.004941
93436,20160926,0.007424
93436,20160927,-0.015216
93436,20160928,0.002235
93436,20160929,-0.027003
93436,20160930,0.016592
93436,20161003,0.047395
93436,20161004,-0.010716
93436,20161005,-0.013954
93436,20161006,-0.035786
93436,20161007,-0.021841
93436,20161010,0.022074
93436,20161011,-0.004230
93436,20161012,0.007046
93436,20161013,-0.006302
93436,20161014,-0.018628
93436,20161017,-0.012976
93436,20161018,0.026500
93436,20161019,0.022401
93436,20161020,-0.021910
93436,20161021,0.004972
93436,20161024,0.013344
93436,20161025,-0.002071
93436,20161026,-0.000494
93436,20161027,0.008752
93436,20161028,-0.019803
93436,20161031,-0.011202
93436,20161101,-0.035098
93436,20161102,-0.014519
93436,20161103,-0.003191
93436,20161104,0.016754
93436,20161107,0.013906
93436,20161108,0.008954
93436,20161109,-0.025033
93436,20161110,-0.024782
93436,20161111,0.017319
93436,20161114,-0.037707
93436,20161115,0.012786
93436,20161116,0.000871
93436,20161117,0.025716
93436,20161118,-0.019294
93436,20161121,-0.002702
93436,20161122,0.036039
93436,20161123,0.010305
93436,20161125,0.018173
93436,20161128,-0.002695
93436,20161129,-0.033398
93436,20161130,-0.000897
93436,20161201,-0.039704
93436,20161202,-0.002254
93436,20161205,0.029371
93436,20161206,-0.005086
93436,20161207,0.039279
93436,20161208,-0.004453
93436,20161209,-0.000572
93436,20161212,0.001301
93436,20161213,0.029725
93436,20161214,0.002725
93436,20161215,-0.005587
93436,20161216,0.024851
93436,20161219,0.001185
93436,20161220,0.029892
93436,20161221,-0.005221
93436,20161222,0.003611
93436,20161223,0.023459
93436,20161227,0.029015
93436,20161228,0.000957
93436,20161229,-0.023027
93436,20161230,-0.004611
93436,20170103,0.015443
93436,20170104,0.046085
93436,20170105,-0.001057
93436,20170106,0.009967
93436,20170109,0.009912
93436,20170110,-0.006097
93436,20170111,-0.000609
93436,20170112,-0.000609
93436,20170113,0.035542
93436,20170117,-0.009127
93436,20170118,0.011801
93436,20170119,0.022655
93436,20170120,0.003979
93436,20170123,0.017121
93436,20170124,0.022859
93436,20170125,-0.000550
93436,20170126,-0.007702
93436,20170127,0.001743
93436,20170130,-0.009172
93436,20170131,0.005187
93436,20170201,-0.010678
93436,20170202,0.009268
93436,20170203,-0.000875
93436,20170206,0.025624
93436,20170207,-0.001125
93436,20170208,0.017865
93436,20170209,0.027167
93436,20170210,0.000111
93436,20170213,0.042232
93436,20170214,0.001354
93436,20170215,-0.004342
93436,20170216,-0.038640
93436,20170217,0.012196
93436,20170221,0.018955
93436,20170222,-0.013988
93436,20170223,-0.064056
93436,20170224,0.003945
93436,20170227,-0.041907
93436,20170228,0.015270
93436,20170301,0.000120
93436,20170302,0.001840
93436,20170303,0.004352
93436,20170306,-0.001431
93436,20170307,-0.010430
93436,20170308,-0.006919
93436,20170309,-0.007980
93436,20170310,-0.004941
93436,20170313,0.010177
93436,20170314,0.048056
93436,20170315,-0.008798
93436,20170316,0.024714
93436,20170317,-0.002099
93436,20170320,0.001606
93436,20170321,-0.042914
93436,20170322,0.017273
93436,20170323,-0.000902
93436,20170324,0.032891
93436,20170327,0.026828
93436,20170328,0.026756
93436,20170329,-0.000252
93436,20170330,0.001947
93436,20170331,0.001367
93436,20170403,0.072655
93436,20170404,0.017352
93436,20170405,-0.028647
93436,20170406,0.012542
93436,20170407,0.012856
93436,20170410,0.032558
93436,20170411,-0.011780
93436,20170412,-0.038450
93436,20170413,0.024121
93436,20170417,-0.008421
93436,20170418,-0.003948
93436,20170419,0.017552
93436,20170420,-0.009852
93436,20170421,0.010215
93436,20170424,0.007952
93436,20170425,0.018700
93436,20170426,-0.011536
93436,20170427,-0.004965
93436,20170428,0.017626
93436,20170501,0.027892
93436,20170502,-0.012204
93436,20170503,-0.024679
93436,20170504,-0.050029
93436,20170505,0.043627
93436,20170508,-0.003762
93436,20170509,0.045802
93436,20170510,0.012326
93436,20170511,-0.006519
93436,20170512,0.005292
93436,20170515,-0.027493
93436,20170516,0.003577
93436,20170517,-0.034384
93436,20170518,0.022704
93436,20170519,-0.007123
93436,20170522,-0.001544
93436,20170523,-0.020912
93436,20170524,0.020931
93436,20170525,0.021307
93436,20170526,0.026229
93436,20170530,0.030633
93436,20170531,0.017637
93436,20170601,-0.001877
93436,20170602,-0.001528
93436,20170605,0.021980
93436,20170606,0.015922
93436,20170607,0.019272
93436,20170608,0.028778
93436,20170609,-0.034270
93436,20170612,0.004730
93436,20170613,0.047185
93436,20170614,0.012528
93436,20170615,-0.013976
93436,20170616,-0.010497
93436,20170619,-0.004308
93436,20170620,0.006598
93436,20170621,0.011176
93436,20170622,0.016498
93436,20170623,0.002196
93436,20170626,-0.015543
93436,20170627,-0.040054
93436,20170628,0.024478
93436,20170629,-0.028257
93436,20170630,0.002384
93436,20170703,-0.024861
93436,20170705,-0.072401
93436,20170706,-0.055826
93436,20170707,0.014215
93436,20170710,0.009035
93436,20170711,0.035343
93436,20170712,0.007029
93436,20170713,-0.018542
93436,20170714,0.013512
93436,20170717,-0.025047
93436,20170718,0.027130
93436,20170719,-0.009079
93436,20170720,0.014327
93436,20170721,-0.004607
93436,20170724,0.042996
93436,20170725,-0.008525
93436,20170726,0.012515
93436,20170727,-0.027308
93436,20170728,0.001824
93436,20170731,-0.034620
93436,20170801,-0.012057
93436,20170802,0.019777
93436,20170803,0.065053
93436,20170804,0.028292
93436,20170807,-0.004875
93436,20170808,0.028296
93436,20170809,-0.004627
93436,20170810,-0.022364
93436,20170811,0.006950
93436,20170814,0.016570
93436,20170815,-0.004041
93436,20170816,0.001601
93436,20170817,-0.030283
93436,20170818,-0.012673
93436,20170821,-0.027629
93436,20170822,0.010330
93436,20170823,0.033455
93436,20170824,0.000454
93436,20170825,-0.013827
93436,20170828,-0.006867
93436,20170829,0.004918
93436,20170830,0.016755
93436,20170831,0.007701
93436,20170901,-0.001405
93436,20170905,-0.016348
93436,20170906,-0.014474
93436,20170907,0.017647
93436,20170908,-0.020564
93436,20170911,0.059086
93436,20170912,-0.002585
93436,20170913,0.009593
93436,20170914,0.031155
93436,20170915,0.005746
93436,20170918,0.013665
93436,20170919,-0.025714
93436,20170920,-0.003172
93436,20170921,-0.019871
93436,20170922,-0.041994
93436,20170925,-0.017374
93436,20170926,0.000754
93436,20170927,-0.012397
93436,20170928,-0.004018
93436,20170929,0.004417
93436,20171002,0.001261
93436,20171003,0.019354
93436,20171004,0.019733
93436,20171005,0.000901
93436,20171006,0.004362
93436,20171009,-0.039061
93436,20171010,0.036887
93436,20171011,-0.002784
93436,20171012,0.003046
93436,20171013,-0.000309
93436,20171016,-0.013978
93436,20171017,0.014689
93436,20171018,0.010963
93436,20171019,-0.021799
93436,20171020,-0.019073
93436,20171023,-0.023414
93436,20171024,0.000950
93436,20171025,-0.034090
93436,20171026,0.001013
93436,20171027,-0.016249
93436,20171030,-0.002462
93436,20171031,0.035772
93436,20171101,-0.031521
93436,20171102,-0.067958
93436,20171103,0.022823
93436,20171106,-0.010814
93436,20171107,0.010800
93436,20171108,-0.005424
93436,20171109,-0.004599
93436,20171110,0.000000
93436,20171113,0.040958
93436,20171114,-0.021243
93436,20171115,0.008422
93436,20171116,0.003855
93436,20171117,0.008160
93436,20171120,-0.020029
93436,20171121,0.029377
93436,20171122,-0.016393
93436,20171124,0.009437
93436,20171127,0.003993
93436,20171128,0.002336
93436,20171129,-0.031523
93436,20171130,0.004260
93436,20171201,-0.007512
93436,20171204,-0.004339
93436,20171205,-0.004915
93436,20171206,0.031478
93436,20171207,-0.006448
93436,20171208,0.012498
93436,20171211,0.043728
93436,20171212,0.036849
93436,20171213,-0.005865
93436,20171214,-0.003362
93436,20171215,0.016455
93436,20171218,-0.013335
93436,20171219,-0.022929
93436,20171220,-0.006403
93436,20171221,0.008146
93436,20171222,-0.019478
93436,20171226,-0.024324
93436,20171227,-0.017807
93436,20171228,0.011937
93436,20171229,-0.012716
93436,20180102,0.029484
93436,20180103,-0.010233
93436,20180104,-0.008290
93436,20180105,0.006230
93436,20180108,0.062638
93436,20180109,-0.008085
93436,20180110,0.003326
93436,20180111,0.009409
93436,20180112,-0.005119
93436,20180116,0.011421
93436,20180117,0.020879
93436,20180118,-0.007461
93436,20180119,0.015817
93436,20180122,0.004400
93436,20180123,0.003499
93436,20180124,-0.019558
93436,20180125,-0.023852
93436,20180126,0.015431
93436,20180129,0.019484
93436,20180130,-0.010614
93436,20180131,0.024550
93436,20180201,-0.014281
93436,20180202,-0.015748
93436,20180205,-0.030895
93436,20180206,0.002522
93436,20180207,0.033027
93436,20180208,-0.086290
93436,20180209,-0.015259
93436,20180212,0.017106
93436,20180213,0.025116
93436,20180214,-0.004171
93436,20180215,0.036471
93436,20180216,0.004266
93436,20180220,-0.002146
93436,20180221,-0.004391
93436,20180222,0.038614
93436,20180223,0.016986
93436,20180226,0.015254
93436,20180227,-0.017990
93436,20180228,-0.022593
93436,20180301,-0.035358
93436,20180302,0.012661
93436,20180305,-0.005282
93436,20180306,-0.015449
93436,20180307,0.012492
93436,20180308,-0.009630
93436,20180309,-0.005864
93436,20180312,0.056056
93436,20180313,-0.010622
93436,20180314,-0.044494
93436,20180315,-0.003153
93436,20180316,-0.013053
93436,20180319,-0.024242
93436,20180320,-0.009599
93436,20180321,0.019256
93436,20180322,-0.023473
93436,20180323,-0.024458
93436,20180326,0.008755
93436,20180327,-0.082188
93436,20180328,-0.076653
93436,20180329,0.032392
93436,20180402,-0.051291
93436,20180403,0.059609
93436,20180404,0.072553
93436,20180405,0.065449
93436,20180406,-0.021000
93436,20180409,-0.032208
93436,20180410,0.051923
93436,20180411,-0.012373
93436,20180412,-0.022763
93436,20180413,0.021287
93436,20180416,-0.030399
93436,20180417,-0.012087
93436,20180418,0.019674
93436,20180419,0.022942
93436,20180420,-0.032791
93436,20180423,-0.023670
93436,20180424,0.000318
93436,20180425,-0.009772
93436,20180426,0.017065
93436,20180427,0.030107
93436,20180430,-0.000595
93436,20180501,0.020483
93436,20180502,0.004101
93436,20180503,-0.055454
93436,20180504,0.033890
93436,20180507,0.029515
93436,20180508,-0.002642
93436,20180509,0.016161
93436,20180510,-0.005964
93436,20180511,-0.012983
93436,20180514,-0.030193
93436,20180515,-0.026681
93436,20180516,0.008094
93436,20180517,-0.006772
93436,20180518,-0.027132
93436,20180521,0.027707
93436,20180522,-0.033323
93436,20180523,0.014763
93436,20180524,-0.004372
93436,20180525,0.003599
93436,20180529,0.017608
93436,20180530,0.028052
93436,20180531,-0.023961
93436,20180601,0.024901
93436,20180604,0.016860
93436,20180605,-0.018905
93436,20180606,0.097448
93436,20180607,-0.010673
93436,20180608,0.004967
93436,20180611,0.045457
93436,20180612,0.032129
93436,20180613,0.005864
93436,20180614,0.037531
93436,20180615,0.001258
93436,20180618,0.035346
93436,20180619,-0.049295
93436,20180620,0.027429
93436,20180621,-0.040611
93436,20180622,-0.039941
93436,20180625,-0.001858
93436,20180626,0.026996
93436,20180627,0.007310
93436,20180628,0.015762
93436,20180629,-0.019947
93436,20180702,-0.022977
93436,20180703,-0.072254
93436,20180705,-0.005469
93436,20180706,-0.000841
93436,20180709,0.031110
93436,20180710,0.012433
93436,20180711,-0.010885
93436,20180712,-0.007054
93436,20180713,0.006820
93436,20180716,-0.027503
93436,20180717,0.040600
93436,20180718,0.003595
93436,20180719,-0.011178
93436,20180720,-0.020766
93436,20180723,-0.033102
93436,20180724,-0.019030
93436,20180725,0.038026
93436,20180726,-0.006769
93436,20180727,-0.030882
93436,20180730,-0.023588
93436,20180731,0.027467
93436,20180801,0.009056
93436,20180802,0.161880
93436,20180803,-0.003919
93436,20180806,-0.017750
93436,20180807,0.109886
93436,20180808,-0.024317
93436,20180809,-0.048307
93436,20180810,0.008625
93436,20180813,0.002588
93436,20180814,-0.024606
93436,20180815,-0.025745
93436,20180816,-0.009566
93436,20180817,-0.089283
93436,20180820,0.009624
93436,20180821,0.043639
93436,20180822,-0.000808
93436,20180823,-0.004788
93436,20180824,0.008497
93436,20180827,-0.010997
93436,20180828,-0.023209
93436,20180829,-0.021965
93436,20180830,-0.006098
93436,20180831,-0.004915
93436,20180904,-0.042133
93436,20180905,-0.028413
93436,20180906,0.000748
93436,20180907,-0.063036
93436,20180910,0.084562
93436,20180911,-0.021226
93436,20180912,0.039722
93436,20180913,-0.003717
93436,20180914,0.019830
93436,20180917,-0.001220
93436,20180918,-0.033510
93436,20180919,0.049340
93436,20180920,-0.002308
93436,20180921,0.002581
93436,20180924,0.001939
93436,20180925,0.004371
93436,20180926,0.028539
93436,20180927,-0.006654
93436,20180928,-0.139015
93436,20181001,0.173471
93436,20181002,-0.031156
93436,20181003,-0.020663
93436,20181004,-0.043996
93436,20181005,-0.070539
93436,20181008,-0.043482
93436,20181009,0.048851
93436,20181010,-0.022527
93436,20181011,-0.018102
93436,20181012,0.025968
93436,20181015,0.003130
93436,20181016,0.065488
93436,20181017,-0.017390
93436,20181018,-0.028957
93436,20181019,-0.014816
93436,20181022,0.003654
93436,20181023,0.127189
93436,20181024,-0.019175
93436,20181025,0.091369
93436,20181026,0.050943
93436,20181029,0.011937
93436,20181030,-0.014783
93436,20181031,0.022492
93436,20181101,0.020633
93436,20181102,0.006187
93436,20181105,-0.014463
93436,20181106,-0.000996
93436,20181107,0.020817
93436,20181108,0.009306
93436,20181109,-0.002533
93436,20181112,-0.054863
93436,20181113,0.022489
93436,20181114,0.015558
93436,20181115,0.012907
93436,20181116,0.016847
93436,20181119,-0.002371
93436,20181120,-0.016918
93436,20181121,-0.026763
93436,20181123,-0.036548
93436,20181126,0.061903
93436,20181127,-0.006012
93436,20181128,0.011485
93436,20181129,-0.019260
93436,20181130,0.027288
93436,20181203,0.022854
93436,20181204,0.003375
93436,20181206,0.009341
93436,20181207,-0.014033
93436,20181210,0.020072
93436,20181211,0.004409
93436,20181212,-0.000436
93436,20181213,0.027796
93436,20181214,-0.029406
93436,20181217,-0.047278
93436,20181218,-0.032690
93436,20181219,-0.012046
93436,20181220,-0.052828
93436,20181221,0.013920
93436,20181224,-0.076242
93436,20181226,0.103930
93436,20181227,-0.030544
93436,20181228,0.056116
93436,20181231,-0.003205
93436,20190102,-0.068149
93436,20190103,-0.031472
93436,20190104,0.057697
93436,20190107,0.054361
93436,20190108,0.001164
93436,20190109,0.009483
93436,20190110,0.019023
93436,20190111,0.006638
93436,20190114,-0.037033
93436,20190115,0.029994
93436,20190116,0.004703
93436,20190117,0.003641
93436,20190118,-0.129711
93436,20190122,-0.011050
93436,20190123,-0.037903
93436,20190124,0.013631
93436,20190125,0.018970
93436,20190128,-0.002222
93436,20190129,0.003644
93436,20190130,0.038022
93436,20190131,-0.005668
93436,20190201,0.016904
93436,20190204,0.002178
93436,20190205,0.027038
93436,20190206,-0.012852
93436,20190207,-0.030610
93436,20190208,-0.005561
93436,20190211,0.023022
93436,20190212,-0.003292
93436,20190213,-0.011674
93436,20190214,-0.014278
93436,20190215,0.013530
93436,20190219,-0.007276
93436,20190220,-0.010077
93436,20190221,-0.037447
93436,20190222,0.011949
93436,20190225,0.013776
93436,20190226,-0.003046
93436,20190227,0.056671
93436,20190228,0.016331
93436,20190301,-0.078436
93436,20190304,-0.031989
93436,20190305,-0.030908
93436,20190306,-0.001085
93436,20190307,0.001267
93436,20190308,0.027297
93436,20190311,0.023861
93436,20190312,-0.025987
93436,20190313,0.019763
93436,20190314,0.003461
93436,20190315,-0.050110
93436,20190318,-0.021566
93436,20190319,-0.007496
93436,20190320,0.022918
93436,20190321,0.001535
93436,20190322,-0.034632
93436,20190325,-0.015537
93436,20190326,0.028224
93436,20190327,0.026366
93436,20190328,0.013790
93436,20190329,0.004450
93436,20190401,0.033302
93436,20190402,-0.011412
93436,20190403,0.020743
93436,20190404,-0.082348
93436,20190405,0.026813
93436,20190408,-0.006401
93436,20190409,-0.003258
93436,20190410,0.013771
93436,20190411,-0.027675
93436,20190412,-0.002682
93436,20190415,-0.004931
93436,20190416,0.026203
93436,20190417,-0.007792
93436,20190418,0.007484
93436,20190422,-0.038462
93436,20190423,0.004377
93436,20190424,-0.019856
93436,20190425,-0.042643
93436,20190426,-0.050438
93436,20190429,0.026920
93436,20190430,-0.011513
93436,20190501,-0.019607
93436,20190502,0.043118
93436,20190503,0.044777
93436,20190506,0.001216
93436,20190507,-0.032427
93436,20190508,-0.008986
93436,20190509,-0.011681
93436,20190510,-0.010166
93436,20190513,-0.052229
93436,20190514,0.023347
93436,20190515,-0.001550
93436,20190516,-0.015607
93436,20190517,-0.075768
93436,20190520,-0.026868
93436,20190521,-0.001363
93436,20190522,-0.060220
93436,20190523,0.014321
93436,20190524,-0.024861
93436,20190528,-0.010124
93436,20190529,0.006147
93436,20190530,-0.008638
93436,20190531,-0.016258
93436,20190603,-0.033431
93436,20190604,0.081746
93436,20190605,0.015444
93436,20190606,0.047612
93436,20190607,-0.007041
93436,20190610,0.040978
93436,20190611,0.019823
93436,20190612,-0.036112
93436,20190613,0.022221
93436,20190614,0.004722
93436,20190617,0.047041
93436,20190618,-0.001289
93436,20190619,0.007520
93436,20190620,-0.030076
93436,20190621,0.010199
93436,20190624,0.008023
93436,20190625,-0.017349
93436,20190626,-0.002230
93436,20190627,0.016281
93436,20190628,0.002782
93436,20190701,0.016602
93436,20190702,-0.011533
93436,20190703,0.046092
93436,20190705,-0.007663
93436,20190708,-0.011840
93436,20190709,-0.001216
93436,20190710,0.038512
93436,20190711,-0.001339
93436,20190712,0.027158
93436,20190715,0.034356
93436,20190716,-0.004418
93436,20190717,0.009826
93436,20190718,-0.005179
93436,20190719,0.018301
93436,20190722,-0.009683
93436,20190723,0.017561
93436,20190724,0.018104
93436,20190725,-0.136137
93436,20190726,-0.003409
93436,20190729,0.033898
93436,20190730,0.027527
93436,20190731,-0.002683
93436,20190801,-0.032118
93436,20190802,0.002095
93436,20190805,-0.025689
93436,20190806,0.010643
93436,20190807,0.011571
93436,20190808,0.020907
93436,20190809,-0.013806
93436,20190812,-0.025531
93436,20190813,0.026156
93436,20190814,-0.065447
93436,20190815,-0.018122
93436,20190816,0.019941
93436,20190819,0.031327
93436,20190820,-0.004276
93436,20190821,-0.022270
93436,20190822,0.005977
93436,20190823,-0.048391
93436,20190826,0.017029
93436,20190827,-0.004279
93436,20190828,0.007053
93436,20190829,0.028387
93436,20190830,0.017591
93436,20190903,-0.002659
93436,20190904,-0.019244
93436,20190905,0.040330
93436,20190906,-0.009278
93436,20190909,0.019081
93436,20190910,0.016178
93436,20190911,0.049079
93436,20190912,-0.004978
93436,20190913,-0.002725
93436,20190916,-0.009747
93436,20190917,0.008155
93436,20190918,-0.005311
93436,20190919,0.012773
93436,20190920,-0.024250
93436,20190923,0.002535
93436,20190924,-0.074700
93436,20190925,0.024596
93436,20190926,0.060603
93436,20190927,-0.001773
93436,20190930,-0.005204
93436,20191001,0.015859
93436,20191002,-0.006375
93436,20191003,-0.041542
93436,20191004,-0.006866
93436,20191007,0.027179
93436,20191008,0.009801
93436,20191009,0.018663
93436,20191010,0.000859
93436,20191011,0.012871
93436,20191014,0.036589
93436,20191015,0.003619
93436,20191016,0.007212
93436,20191017,0.008547
93436,20191018,-0.019162
93436,20191021,-0.013427
93436,20191022,0.008205
93436,20191023,-0.003521
93436,20191024,0.176692
93436,20191025,0.094935
93436,20191028,-0.001280
93436,20191029,-0.035061
93436,20191030,-0.003826
93436,20191031,-0.000286
93436,20191101,-0.005112
93436,20191104,0.013278
93436,20191105,-0.000787
93436,20191106,0.029506
93436,20191107,0.027436
93436,20191108,0.004768
93436,20191111,0.023581
93436,20191112,0.014025
93436,20191113,-0.010916
93436,20191114,0.009361
93436,20191115,0.008072
93436,20191118,-0.006190
93436,20191119,0.027229
93436,20191120,-0.020305
93436,20191121,0.007410
93436,20191122,-0.061410
93436,20191125,0.009909
93436,20191126,-0.022061
93436,20191127,0.007205
93436,20191129,-0.004075
93436,20191202,0.014942
93436,20191203,0.003972
93436,20191204,-0.009429
93436,20191205,-0.007987
93436,20191206,0.016709
93436,20191209,0.010837
93436,20191210,0.027420
93436,20191211,0.011065
93436,20191212,0.019790
93436,20191213,-0.003586
93436,20191216,0.064483
93436,20191217,-0.006579
93436,20191218,0.037362
93436,20191219,0.027699
93436,20191220,0.003836
93436,20191223,0.033605
93436,20191224,0.014384
93436,20191226,0.013380
93436,20191227,-0.001299
93436,20191230,-0.036433
93436,20191231,0.008753
93436,20200102,0.028518
93436,20200103,0.029633
93436,20200106,0.019255
93436,20200107,0.038801
93436,20200108,0.049205
93436,20200109,-0.021945
93436,20200110,-0.006627
93436,20200113,0.097689
93436,20200114,0.024883
93436,20200115,-0.036102
93436,20200116,-0.009663
93436,20200117,-0.005823
93436,20200121,0.071890
93436,20200122,0.040863
93436,20200123,0.004635
93436,20200124,-0.012898
93436,20200127,-0.012039
93436,20200128,0.015913
93436,20200129,0.024854
93436,20200130,0.102962
93436,20200131,0.015231
93436,20200203,0.198949
93436,20200204,0.137256
93436,20200205,-0.171758
93436,20200206,0.019409
93436,20200207,-0.001188
93436,20200210,0.031027
93436,20200211,0.004019
93436,20200212,-0.009156
93436,20200213,0.047844
93436,20200214,-0.004938
93436,20200218,0.072960
93436,20200219,0.068756
93436,20200220,-0.019631
93436,20200221,0.001768
93436,20200224,-0.074595
93436,20200225,-0.040634
93436,20200226,-0.026390
93436,20200227,-0.128146
93436,20200228,-0.016215
93436,20200302,0.113220
93436,20200303,0.002542
93436,20200304,0.005352
93436,20200305,-0.033302
93436,20200306,-0.029067
93436,20200309,-0.135725
93436,20200310,0.061398
93436,20200311,-0.017201
93436,20200312,-0.116172
93436,20200313,-0.024851
93436,20200316,-0.185778
93436,20200317,-0.033410
93436,20200318,-0.160344
93436,20200319,0.183877
93436,20200320,-0.000257
93436,20200323,0.015812
93436,20200324,0.162817
93436,20200325,0.067822
93436,20200326,-0.020566
93436,20200327,-0.026128
93436,20200330,-0.023777
93436,20200331,0.043554
93436,20200401,-0.080992
93436,20200402,-0.056255
93436,20200403,0.056197
93436,20200406,0.075478
93436,20200407,0.056582
93436,20200408,0.006215
93436,20200409,0.044020
93436,20200413,0.136038
93436,20200414,0.090545
93436,20200415,0.028089
93436,20200416,0.021073
93436,20200417,0.011648
93436,20200420,-0.009988
93436,20200421,-0.079908
93436,20200422,0.066097
93436,20200423,-0.036169
93436,20200424,0.027663
93436,20200427,0.101496
93436,20200428,-0.037095
93436,20200429,0.040813
93436,20200430,-0.023273
93436,20200501,-0.103034
93436,20200504,0.085368
93436,20200505,0.009222
93436,20200506,0.018706
93436,20200507,-0.003246
93436,20200508,0.050485
93436,20200511,-0.009922
93436,20200512,-0.002317
93436,20200513,-0.022794
93436,20200514,0.015639
93436,20200515,-0.005178
93436,20200518,0.018094
93436,20200519,-0.006907
93436,20200520,0.009344
93436,20200521,0.014763
93436,20200522,-0.012953
93436,20200526,0.002436
93436,20200527,0.001661
93436,20200528,-0.017580
93436,20200529,0.036224
93436,20200601,0.075569
93436,20200602,-0.018417
93436,20200603,0.001588
93436,20200604,-0.021043
93436,20200605,0.024619
93436,20200608,0.072556
93436,20200609,-0.009738
93436,20200610,0.089702
93436,20200611,-0.050934
93436,20200612,-0.038609
93436,20200615,0.059469
93436,20200616,-0.008851
93436,20200617,0.009836
93436,20200618,0.012271
93436,20200619,-0.003048
93436,20200622,-0.006574
93436,20200623,0.007503
93436,20200624,-0.040857
93436,20200625,0.026154
93436,20200626,-0.026613
93436,20200629,0.051691
93436,20200630,0.069807
93436,20200701,0.036877
93436,20200702,0.079517
93436,20200706,0.134794
93436,20200707,0.013328
93436,20200708,-0.017254
93436,20200709,0.020792
93436,20200710,0.107848
93436,20200713,-0.030810
93436,20200714,0.013186
93436,20200715,0.019258
93436,20200716,-0.029347
93436,20200717,0.000133
93436,20200720,0.094720
93436,20200721,-0.045429
93436,20200722,0.015283
93436,20200723,-0.049776
93436,20200724,-0.063493
93436,20200727,0.086521
93436,20200728,-0.040991
93436,20200729,0.015320
93436,20200730,-0.007751
93436,20200731,-0.038138
93436,20200803,0.037910
93436,20200804,0.001347
93436,20200805,-0.001332
93436,20200806,0.003071
93436,20200807,-0.024752
93436,20200810,-0.023501
93436,20200811,-0.031144
93436,20200812,0.131236
93436,20200813,0.042605
93436,20200814,0.018328
93436,20200817,0.112031
93436,20200818,0.028028
93436,20200819,-0.004536
93436,20200820,0.065636
93436,20200821,0.024053
93436,20200824,-0.017454
93436,20200825,0.004538
93436,20200826,0.064166
93436,20200827,0.039746
93436,20200828,-0.011323
93436,20200831,0.125689
93436,20200901,-0.046697
93436,20200902,-0.058268
93436,20200903,-0.090238
93436,20200904,0.027813
93436,20200908,-0.210628
93436,20200909,0.109234
93436,20200910,0.013815
93436,20200911,0.003716
93436,20200914,0.125832
93436,20200915,0.071827
93436,20200916,-0.017787
93436,20200917,-0.041493
93436,20200918,0.044210
93436,20200921,0.016375
93436,20200922,-0.055987
93436,20200923,-0.103411
93436,20200924,0.019534
93436,20200925,0.050414
93436,20200928,0.034026
93436,20200929,-0.005057
93436,20200930,0.023719
93436,20201001,0.044638
93436,20201002,-0.073791
93436,20201005,0.025513
93436,20201006,-0.027485
93436,20201007,0.027344
93436,20201008,0.001458
93436,20201009,0.018971
93436,20201012,0.019124
93436,20201013,0.009835
93436,20201014,0.032800
93436,20201015,-0.026924
93436,20201016,-0.020518
93436,20201019,-0.020106
93436,20201020,-0.020635
93436,20201021,0.001659
93436,20201022,0.007453
93436,20201023,-0.012119
93436,20201026,-0.000832
93436,20201027,0.010469
93436,20201028,-0.043939
93436,20201029,0.011847
93436,20201030,-0.055473
93436,20201102,0.032136
93436,20201103,0.058400
93436,20201104,-0.006888
93436,20201105,0.040643
93436,20201106,-0.018581
93436,20201109,-0.020212
93436,20201110,-0.025875
93436,20201111,0.016498
93436,20201112,-0.012874
93436,20201113,-0.007917
93436,20201116,-0.001004
93436,20201117,0.082139
93436,20201118,0.101968
93436,20201119,0.025953
93436,20201120,-0.019348
93436,20201123,0.065848
93436,20201124,0.064252
93436,20201125,0.033527
93436,20201127,0.020488
93436,20201130,-0.031003
93436,20201201,0.030233
93436,20201202,-0.027259
93436,20201203,0.043177
93436,20201204,0.009539
93436,20201207,0.071314
93436,20201208,0.012653
93436,20201209,-0.069859
93436,20201210,0.037371
93436,20201211,-0.027238
93436,20201214,0.048919
93436,20201215,-0.010284
93436,20201216,-0.016550
93436,20201217,0.053198
93436,20201218,0.059613
93436,20201221,-0.064950
93436,20201222,-0.014649
93436,20201223,0.008808
93436,20201224,0.024444
93436,20201228,0.002901
93436,20201229,0.003465
93436,20201230,0.043229
93436,20201231,0.015674
93436,20210104,0.034152
93436,20210105,0.007317
93436,20210106,0.028390
93436,20210107,0.079447
93436,20210108,0.078403
93436,20210111,-0.078214
93436,20210112,0.047153
93436,20210113,0.005851
93436,20210114,-0.011013
93436,20210115,-0.022296
93436,20210119,0.022260
93436,20210120,0.006986
93436,20210121,-0.006420
93436,20210122,0.001953
93436,20210125,0.040348
93436,20210126,0.002600
93436,20210127,-0.021436
93436,20210128,-0.033246
93436,20210129,-0.050154
93436,20210201,0.058322
93436,20210202,0.039271
93436,20210203,-0.020738
93436,20210204,-0.005499
93436,20210205,0.002635
93436,20210208,0.013130
93436,20210209,-0.016168
93436,20210210,-0.052551
93436,20210211,0.008499
93436,20210212,0.005495
93436,20210216,-0.024384
93436,20210217,0.002424
93436,20210218,-0.013494
93436,20210219,-0.007722
93436,20210222,-0.085499
93436,20210223,-0.021917
93436,20210224,0.061788
93436,20210225,-0.080591
93436,20210226,-0.009850
93436,20210301,0.063553
93436,20210302,-0.044528
93436,20210303,-0.048424
93436,20210304,-0.048622
93436,20210305,-0.037799
93436,20210308,-0.058450
93436,20210309,0.196412
93436,20210310,-0.008195
93436,20210311,0.047211
93436,20210312,-0.008391
93436,20210315,0.020484
93436,20210316,-0.043874
93436,20210317,0.036831
93436,20210318,-0.069321
93436,20210319,0.002618
93436,20210322,0.023104
93436,20210323,-0.011702
93436,20210324,-0.048160
93436,20210325,0.016057
93436,20210326,-0.033854
93436,20210329,-0.011993
93436,20210330,0.039801
93436,20210331,0.050832
93436,20210401,-0.009252
93436,20210405,0.044277
93436,20210406,0.000825
93436,20210407,-0.029857
93436,20210408,0.019122
93436,20210409,-0.009915
93436,20210412,0.036867
93436,20210413,0.085957
93436,20210414,-0.039472
93436,20210415,0.009041
93436,20210416,0.001259
93436,20210419,-0.033997
93436,20210420,0.006101
93436,20210421,0.034952
93436,20210422,-0.032831
93436,20210423,0.013492
93436,20210426,0.012065
93436,20210427,-0.045326
93436,20210428,-0.014672
93436,20210429,-0.025058
93436,20210430,0.047917
93436,20210503,-0.034591
93436,20210504,-0.016499
93436,20210505,-0.003949
93436,20210506,-0.011029
93436,20210507,0.013307
93436,20210510,-0.064444
93436,20210511,-0.018822
93436,20210512,-0.044248
93436,20210513,-0.030853
93436,20210514,0.031573
93436,20210517,-0.021891
93436,20210518,0.001803
93436,20210519,-0.024936
93436,20210520,0.041387
93436,20210521,-0.010055
93436,20210524,0.044002
93436,20210525,-0.002886
93436,20210526,0.023880
93436,20210527,0.018930
93436,20210528,-0.008924
93436,20210601,-0.002111
93436,20210602,-0.030101
93436,20210603,-0.053345
93436,20210604,0.045754
93436,20210607,0.010149
93436,20210608,-0.002545
93436,20210609,-0.007969
93436,20210610,0.018938
93436,20210611,-0.000377
93436,20210614,0.012789
93436,20210615,-0.029675
93436,20210616,0.009193
93436,20210617,0.019393
93436,20210618,0.010882
93436,20210621,-0.003979
93436,20210622,0.004639
93436,20210623,0.052685
93436,20210624,0.035411
93436,20210625,-0.011694
93436,20210628,0.025079
93436,20210629,-0.011558
93436,20210630,-0.001557
93436,20210701,-0.002619
93436,20210702,0.001446
93436,20210706,-0.028458
93436,20210707,-0.022636
93436,20210708,0.012658
93436,20210709,0.006342
93436,20210712,0.043763
93436,20210713,-0.025026
93436,20210714,-0.022676
93436,20210715,-0.004255
93436,20210716,-0.009806
93436,20210719,0.003105
93436,20210720,0.022098
93436,20210721,-0.007888
93436,20210722,-0.009202
93436,20210723,-0.009056
93436,20210726,0.022133
93436,20210727,-0.019525
93436,20210728,0.003412
93436,20210729,0.046941
93436,20210730,0.014542
93436,20210802,0.032698
93436,20210803,0.000099
93436,20210804,0.001663
93436,20210805,0.005219
93436,20210806,-0.021732
93436,20210809,0.020970
93436,20210810,-0.005282
93436,20210811,-0.003056
93436,20210812,0.020387
93436,20210813,-0.007034
93436,20210816,-0.043225
93436,20210817,-0.029818
93436,20210818,0.034970
93436,20210819,-0.022526
93436,20210820,0.010082
93436,20210823,0.038279
93436,20210824,0.003101
93436,20210825,0.003825
93436,20210826,-0.014117
93436,20210827,0.015346
93436,20210830,0.026674
93436,20210831,0.006581
93436,20210901,-0.002215
93436,20210902,-0.002316
93436,20210903,0.001611
93436,20210907,0.026378
93436,20210908,0.001262
93436,20210909,0.001313
93436,20210910,-0.024627
93436,20210913,0.009141
93436,20210914,0.002005
93436,20210915,0.015232
93436,20210916,0.001535
93436,20210917,0.003303
93436,20210920,-0.038605
93436,20210921,0.012614
93436,20210922,0.016987
93436,20210923,0.002261
93436,20210924,0.027533
93436,20210927,0.021914
93436,20210928,-0.017438
93436,20210929,0.004823
93436,20210930,-0.007462
93436,20211001,-0.000335
93436,20211004,0.008140
93436,20211005,-0.001203
93436,20211006,0.002767
93436,20211007,0.013874
93436,20211008,-0.010232
93436,20211011,0.008211
93436,20211012,0.017400
93436,20211013,0.006652
93436,20211014,0.008926
93436,20211015,0.030196
93436,20211018,0.032122
93436,20211019,-0.006712
93436,20211020,0.001770
93436,20211021,0.032571
93436,20211022,0.017539
93436,20211025,0.126616
93436,20211026,-0.006274
93436,20211027,0.019078
93436,20211028,0.037751
93436,20211029,0.034316
93436,20211101,0.084910
93436,20211102,-0.030275
93436,20211103,0.035717
93436,20211104,0.013222
93436,20211105,-0.006358
93436,20211108,-0.048401
93436,20211109,-0.119903
93436,20211110,0.043429
93436,20211111,-0.004157
93436,20211112,-0.028293
93436,20211115,-0.019382
93436,20211116,0.040794
93436,20211117,0.032501
93436,20211118,0.006768
93436,20211119,0.037104
93436,20211122,0.017422
93436,20211123,-0.041353
93436,20211124,0.006285
93436,20211126,-0.030538
93436,20211129,0.050900
93436,20211130,0.006834
93436,20211201,-0.043468
93436,20211202,-0.009498
93436,20211203,-0.064199
93436,20211206,-0.005872
93436,20211207,0.042358
93436,20211208,0.016363
93436,20211209,-0.060956
93436,20211210,0.013180
93436,20211213,-0.049772
93436,20211214,-0.008175
93436,20211215,0.018237
93436,20211216,-0.050277
93436,20211217,0.006095
93436,20211220,-0.034989
93436,20211221,0.042881
93436,20211222,0.074947
93436,20211223,0.057619
93436,20211227,0.025248
93436,20211228,-0.005000
93436,20211229,-0.002095
93436,20211230,-0.014592
93436,20211231,-0.012669
